{"cameraMode":{"drawMode":0,"name":"Shaded","section":"Shading Mode"},"sceneLighting":false,"audioPlay":false,"sceneViewState":{"m_AlwaysRefresh":true,"showFog":true,"showSkybox":true,"showFlares":true,"showImageEffects":true,"showParticleSystems":true,"showVisualEffectGraphs":true,"m_FxEnabled":true},"in2DMode":false,"pivot":{"x":-0.012384586036205292,"y":0.8140608668327332,"z":-3.2706642150878908},"rotation":{"x":0.01680864207446575,"y":-0.0060040829703211788,"z":0.00010095237666973844,"w":0.9998398423194885},"size":3.1425118446350099,"orthographic":false}