{"cameraMode":{"drawMode":0,"name":"Shaded","section":"Shading Mode"},"sceneLighting":false,"audioPlay":false,"sceneViewState":{"m_AlwaysRefresh":false,"showFog":false,"showSkybox":false,"showFlares":false,"showImageEffects":false,"showParticleSystems":false,"showVisualEffectGraphs":true,"m_FxEnabled":true},"in2DMode":false,"pivot":{"x":-0.00008934736251831055,"y":0.8190392851829529,"z":0.03612580895423889},"rotation":{"x":0.003497244557365775,"y":0.9964102506637573,"z":-0.05266917124390602,"w":0.06615998595952988},"size":1.3425118923187256,"orthographic":false}